{
  "version": 1,
  "author": "Prachi Gautam",
  "editor": "wokwi",
  "parts": [
    { "type": "wokwi-breadboard-half", "id": "bb1", "top": 73.8, "left": -122, "attrs": {} },
    { "type": "board-esp32-devkit-c-v4", "id": "esp", "top": -76.8, "left": -283.16, "attrs": {} },
    { "type": "wokwi-servo", "id": "servo1", "top": -59.6, "left": -48, "attrs": {} },
    { "type": "wokwi-hc-sr04", "id": "ultrasonic1", "top": -209.7, "left": -157.7, "attrs": {} },
    { "type": "wokwi-hc-sr04", "id": "ultrasonic2", "top": -171.3, "left": 82.3, "attrs": {} },
    {
      "type": "wokwi-lcd1602",
      "id": "lcd1",
      "top": 6.4,
      "left": 274.4,
      "attrs": { "pins": "i2c" }
    }
  ],
  "connections": [
    [ "esp:TX", "$serialMonitor:RX", "", [] ],
    [ "esp:RX", "$serialMonitor:TX", "", [] ],
    [ "lcd1:GND", "bb1:bn.25", "black", [ "h-48", "v288" ] ],
    [ "lcd1:VCC", "bb1:tp.23", "red", [ "h-57.6", "v38.5" ] ],
    [ "ultrasonic2:VCC", "bb1:tp.21", "red", [ "v163.2", "h-9.6" ] ],
    [ "ultrasonic1:VCC", "bb1:tp.1", "red", [ "v201.6", "h9.6" ] ],
    [ "ultrasonic1:TRIG", "esp:23", "green", [ "v76.8", "h-106" ] ],
    [ "ultrasonic1:ECHO", "esp:22", "green", [ "v0" ] ],
    [ "ultrasonic2:GND", "bb1:tn.25", "black", [ "v86.4", "h-366" ] ],
    [ "ultrasonic2:ECHO", "esp:19", "green", [ "v0" ] ],
    [ "ultrasonic2:TRIG", "esp:18", "green", [ "v0" ] ],
    [ "servo1:GND", "bb1:tn.5", "black", [ "h-9.6", "v96" ] ],
    [ "ultrasonic1:GND", "bb1:tn.4", "black", [ "v211.2", "h-1.2" ] ],
    [ "servo1:V+", "bb1:tp.2", "green", [ "h-38.4", "v76.9" ] ],
    [ "lcd1:SDA", "esp:4", "green", [ "h-38.4", "v249.8", "h-393.6", "v-259.2" ] ],
    [ "lcd1:SCL", "esp:16", "green", [ "h-28.8", "v249.9", "h-412.8", "v-259.2", "h9.6" ] ],
    [ "esp:5V", "bb1:bp.1", "red", [ "h9.75", "v124.8" ] ],
    [ "esp:GND.1", "bb1:bn.1", "black", [ "h-19.05", "v201.6" ] ],
    [ "esp:21", "servo1:PWM", "green", [ "h57.6", "v9.6" ] ]
  ],
  "dependencies": {}
}